<?xml version="1.0" encoding="UTF-8"?><?xml-stylesheet type='text/xsl' href='_UpgradeReport_Files/UpgradeReport.xslt'?><UpgradeLog>
<Properties><Property Name="Solution" Value="OfficeStyleWindowProject">
</Property><Property Name="Solution File" Value="D:\Ablage\Downloads\OfficeStyleWindow\OfficeStyleWindowProject.sln">
</Property><Property Name="Date" Value="Sonntag, 28. März 2010">
</Property><Property Name="Time" Value="22:11:02">
</Property></Properties><Event ErrorLevel="0" Project="OfficeStyleWindowProject" Source="OfficeStyleWindowProject.csproj" Description="Project file successfully backed up as D:\Ablage\Downloads\OfficeStyleWindow\Backup\OfficeStyleWindowProject.csproj">
</Event><Event ErrorLevel="0" Project="OfficeStyleWindowProject" Source="App.xaml.cs" Description="File successfully backed up as D:\Ablage\Downloads\OfficeStyleWindow\Backup\App.xaml.cs">
</Event><Event ErrorLevel="0" Project="OfficeStyleWindowProject" Source="Window1.xaml.cs" Description="File successfully backed up as D:\Ablage\Downloads\OfficeStyleWindow\Backup\Window1.xaml.cs">
</Event><Event ErrorLevel="0" Project="OfficeStyleWindowProject" Source="ImageButton.cs" Description="File successfully backed up as D:\Ablage\Downloads\OfficeStyleWindow\Backup\ImageButton.cs">
</Event><Event ErrorLevel="0" Project="OfficeStyleWindowProject" Source="Properties\AssemblyInfo.cs" Description="File successfully backed up as D:\Ablage\Downloads\OfficeStyleWindow\Backup\Properties\AssemblyInfo.cs">
</Event><Event ErrorLevel="0" Project="OfficeStyleWindowProject" Source="Properties\Resources.Designer.cs" Description="File successfully backed up as D:\Ablage\Downloads\OfficeStyleWindow\Backup\Properties\Resources.Designer.cs">
</Event><Event ErrorLevel="0" Project="OfficeStyleWindowProject" Source="Properties\Settings.Designer.cs" Description="File successfully backed up as D:\Ablage\Downloads\OfficeStyleWindow\Backup\Properties\Settings.Designer.cs">
</Event><Event ErrorLevel="0" Project="OfficeStyleWindowProject" Source="TitleBar.cs" Description="File successfully backed up as D:\Ablage\Downloads\OfficeStyleWindow\Backup\TitleBar.cs">
</Event><Event ErrorLevel="0" Project="OfficeStyleWindowProject" Source="OfficeStyleWindow.cs" Description="File successfully backed up as D:\Ablage\Downloads\OfficeStyleWindow\Backup\OfficeStyleWindow.cs">
</Event><Event ErrorLevel="0" Project="OfficeStyleWindowProject" Source="Properties\Settings.settings" Description="File successfully backed up as D:\Ablage\Downloads\OfficeStyleWindow\Backup\Properties\Settings.settings">
</Event><Event ErrorLevel="0" Project="OfficeStyleWindowProject" Source="Properties\Resources.resx" Description="File successfully backed up as D:\Ablage\Downloads\OfficeStyleWindow\Backup\Properties\Resources.resx">
</Event><Event ErrorLevel="0" Project="OfficeStyleWindowProject" Source="App.xaml" Description="File successfully backed up as D:\Ablage\Downloads\OfficeStyleWindow\Backup\App.xaml">
</Event><Event ErrorLevel="0" Project="OfficeStyleWindowProject" Source="themes\generic.xaml" Description="File successfully backed up as D:\Ablage\Downloads\OfficeStyleWindow\Backup\themes\generic.xaml">
</Event><Event ErrorLevel="0" Project="OfficeStyleWindowProject" Source="Window1.xaml" Description="File successfully backed up as D:\Ablage\Downloads\OfficeStyleWindow\Backup\Window1.xaml">
</Event><Event ErrorLevel="0" Project="OfficeStyleWindowProject" Source="OfficeStyleWindow.xaml" Description="File successfully backed up as D:\Ablage\Downloads\OfficeStyleWindow\Backup\OfficeStyleWindow.xaml">
</Event><Event ErrorLevel="1" Project="OfficeStyleWindowProject" Source="OfficeStyleWindowProject.csproj" Description="Your project is targeting .NET Framework 2.0 or 3.0. If your project uses assemblies requiring a newer .NET Framework, your project will fail to build. You can change the .NET Framework version by clicking Properties on the project menu and then selecting a new version in the '.NET Framework' dropdown box. (In Visual Basic, this is located on the Compile tab by clicking the 'Advanced Compiler Options...' button.)">
</Event><Event ErrorLevel="0" Project="OfficeStyleWindowProject" Source="OfficeStyleWindowProject.csproj" Description="Project converted successfully">
</Event><Event ErrorLevel="3" Project="OfficeStyleWindowProject" Source="OfficeStyleWindowProject.csproj" Description="Converted">
</Event><Event ErrorLevel="0" Project="OfficeStyleWindowProject" Source="OfficeStyleWindowProject.csproj" Description="Scan complete: Upgrade not required for project files.">
</Event></UpgradeLog>