<?xml version="1.0" encoding="UTF-8"?><?xml-stylesheet type='text/xsl' href='_UpgradeReport_Files/UpgradeReport.xslt'?><UpgradeLog>
<Properties><Property Name="Solution" Value="WpfWizard">
</Property><Property Name="Projektmappendatei" Value="D:\Benutzer\torstenz\Downloads\WpfWizard\WpfWizard.sln">
</Property><Property Name="Date" Value="Montag, 7. Februar 2011">
</Property><Property Name="Time" Value="12:53">
</Property></Properties><Event ErrorLevel="0" Project="" Source="WpfWizard.sln" Description="Datei wurde erfolgreich als &quot;D:\Benutzer\torstenz\Downloads\WpfWizard\Backup\WpfWizard.sln&quot; gesichert">
</Event><Event ErrorLevel="0" Project="WpfWizard" Source="WpfWizard\WpfWizard.csproj" Description="Projektdatei erfolgreich gesichert als D:\Benutzer\torstenz\Downloads\WpfWizard\Backup\WpfWizard\WpfWizard.csproj">
</Event><Event ErrorLevel="0" Project="WpfWizard" Source="WpfWizard\App.xaml.cs" Description="Datei erfolgreich gesichert als D:\Benutzer\torstenz\Downloads\WpfWizard\Backup\WpfWizard\App.xaml.cs">
</Event><Event ErrorLevel="0" Project="WpfWizard" Source="WpfWizard\Window1.xaml.cs" Description="Datei erfolgreich gesichert als D:\Benutzer\torstenz\Downloads\WpfWizard\Backup\WpfWizard\Window1.xaml.cs">
</Event><Event ErrorLevel="0" Project="WpfWizard" Source="WpfWizard\Controls\Wizard.cs" Description="Datei erfolgreich gesichert als D:\Benutzer\torstenz\Downloads\WpfWizard\Backup\WpfWizard\Controls\Wizard.cs">
</Event><Event ErrorLevel="0" Project="WpfWizard" Source="WpfWizard\Properties\AssemblyInfo.cs" Description="Datei erfolgreich gesichert als D:\Benutzer\torstenz\Downloads\WpfWizard\Backup\WpfWizard\Properties\AssemblyInfo.cs">
</Event><Event ErrorLevel="0" Project="WpfWizard" Source="WpfWizard\Window1PresentationModel.cs" Description="Datei erfolgreich gesichert als D:\Benutzer\torstenz\Downloads\WpfWizard\Backup\WpfWizard\Window1PresentationModel.cs">
</Event><Event ErrorLevel="0" Project="WpfWizard" Source="WpfWizard\App.xaml" Description="Datei erfolgreich gesichert als D:\Benutzer\torstenz\Downloads\WpfWizard\Backup\WpfWizard\App.xaml">
</Event><Event ErrorLevel="0" Project="WpfWizard" Source="WpfWizard\Themes\Generic.xaml" Description="Datei erfolgreich gesichert als D:\Benutzer\torstenz\Downloads\WpfWizard\Backup\WpfWizard\Themes\Generic.xaml">
</Event><Event ErrorLevel="0" Project="WpfWizard" Source="WpfWizard\Window1.xaml" Description="Datei erfolgreich gesichert als D:\Benutzer\torstenz\Downloads\WpfWizard\Backup\WpfWizard\Window1.xaml">
</Event><Event ErrorLevel="0" Project="WpfWizard" Source="WpfWizard\WpfWizard.csproj" Description="Projekt erfolgreich konvertiert">
</Event><Event ErrorLevel="3" Project="WpfWizard" Source="WpfWizard\WpfWizard.csproj" Description="Converted">
</Event><Event ErrorLevel="0" Project="WpfWizard2" Source="WpfWizard2\WpfWizard2.csproj" Description="Projektdatei erfolgreich gesichert als D:\Benutzer\torstenz\Downloads\WpfWizard\Backup\WpfWizard2\WpfWizard2.csproj">
</Event><Event ErrorLevel="0" Project="WpfWizard2" Source="WpfWizard2\App.xaml.cs" Description="Datei erfolgreich gesichert als D:\Benutzer\torstenz\Downloads\WpfWizard\Backup\WpfWizard2\App.xaml.cs">
</Event><Event ErrorLevel="0" Project="WpfWizard2" Source="WpfWizard2\Window1.xaml.cs" Description="Datei erfolgreich gesichert als D:\Benutzer\torstenz\Downloads\WpfWizard\Backup\WpfWizard2\Window1.xaml.cs">
</Event><Event ErrorLevel="0" Project="WpfWizard2" Source="WpfWizard2\Controls\Wizard.cs" Description="Datei erfolgreich gesichert als D:\Benutzer\torstenz\Downloads\WpfWizard\Backup\WpfWizard2\Controls\Wizard.cs">
</Event><Event ErrorLevel="0" Project="WpfWizard2" Source="WpfWizard2\Properties\AssemblyInfo.cs" Description="Datei erfolgreich gesichert als D:\Benutzer\torstenz\Downloads\WpfWizard\Backup\WpfWizard2\Properties\AssemblyInfo.cs">
</Event><Event ErrorLevel="0" Project="WpfWizard2" Source="WpfWizard2\Window1PresentationModel.cs" Description="Datei erfolgreich gesichert als D:\Benutzer\torstenz\Downloads\WpfWizard\Backup\WpfWizard2\Window1PresentationModel.cs">
</Event><Event ErrorLevel="0" Project="WpfWizard2" Source="WpfWizard2\App.xaml" Description="Datei erfolgreich gesichert als D:\Benutzer\torstenz\Downloads\WpfWizard\Backup\WpfWizard2\App.xaml">
</Event><Event ErrorLevel="0" Project="WpfWizard2" Source="WpfWizard2\Themes\Generic.xaml" Description="Datei erfolgreich gesichert als D:\Benutzer\torstenz\Downloads\WpfWizard\Backup\WpfWizard2\Themes\Generic.xaml">
</Event><Event ErrorLevel="0" Project="WpfWizard2" Source="WpfWizard2\Window1.xaml" Description="Datei erfolgreich gesichert als D:\Benutzer\torstenz\Downloads\WpfWizard\Backup\WpfWizard2\Window1.xaml">
</Event><Event ErrorLevel="0" Project="WpfWizard2" Source="WpfWizard2\WpfWizard2.csproj" Description="Projekt erfolgreich konvertiert">
</Event><Event ErrorLevel="3" Project="WpfWizard2" Source="WpfWizard2\WpfWizard2.csproj" Description="Converted">
</Event><Event ErrorLevel="0" Project="WpfWizard3" Source="WpfWizard3\WpfWizard3.csproj" Description="Projektdatei erfolgreich gesichert als D:\Benutzer\torstenz\Downloads\WpfWizard\Backup\WpfWizard3\WpfWizard3.csproj">
</Event><Event ErrorLevel="0" Project="WpfWizard3" Source="WpfWizard3\App.xaml.cs" Description="Datei erfolgreich gesichert als D:\Benutzer\torstenz\Downloads\WpfWizard\Backup\WpfWizard3\App.xaml.cs">
</Event><Event ErrorLevel="0" Project="WpfWizard3" Source="WpfWizard3\Window1.xaml.cs" Description="Datei erfolgreich gesichert als D:\Benutzer\torstenz\Downloads\WpfWizard\Backup\WpfWizard3\Window1.xaml.cs">
</Event><Event ErrorLevel="0" Project="WpfWizard3" Source="WpfWizard3\Controls\Wizard.cs" Description="Datei erfolgreich gesichert als D:\Benutzer\torstenz\Downloads\WpfWizard\Backup\WpfWizard3\Controls\Wizard.cs">
</Event><Event ErrorLevel="0" Project="WpfWizard3" Source="WpfWizard3\Properties\AssemblyInfo.cs" Description="Datei erfolgreich gesichert als D:\Benutzer\torstenz\Downloads\WpfWizard\Backup\WpfWizard3\Properties\AssemblyInfo.cs">
</Event><Event ErrorLevel="0" Project="WpfWizard3" Source="WpfWizard3\Window1PresentationModel.cs" Description="Datei erfolgreich gesichert als D:\Benutzer\torstenz\Downloads\WpfWizard\Backup\WpfWizard3\Window1PresentationModel.cs">
</Event><Event ErrorLevel="0" Project="WpfWizard3" Source="WpfWizard3\App.xaml" Description="Datei erfolgreich gesichert als D:\Benutzer\torstenz\Downloads\WpfWizard\Backup\WpfWizard3\App.xaml">
</Event><Event ErrorLevel="0" Project="WpfWizard3" Source="WpfWizard3\Themes\Generic.xaml" Description="Datei erfolgreich gesichert als D:\Benutzer\torstenz\Downloads\WpfWizard\Backup\WpfWizard3\Themes\Generic.xaml">
</Event><Event ErrorLevel="0" Project="WpfWizard3" Source="WpfWizard3\Window1.xaml" Description="Datei erfolgreich gesichert als D:\Benutzer\torstenz\Downloads\WpfWizard\Backup\WpfWizard3\Window1.xaml">
</Event><Event ErrorLevel="0" Project="WpfWizard3" Source="WpfWizard3\WpfWizard3.csproj" Description="Projekt erfolgreich konvertiert">
</Event><Event ErrorLevel="3" Project="WpfWizard3" Source="WpfWizard3\WpfWizard3.csproj" Description="Converted">
</Event><Event ErrorLevel="0" Project="" Source="WpfWizard.sln" Description="Die Projektmappe wurde erfolgreich konvertiert.">
</Event><Event ErrorLevel="3" Project="" Source="WpfWizard.sln" Description="Converted">
</Event><Event ErrorLevel="0" Project="WpfWizard" Source="WpfWizard\WpfWizard.csproj" Description="Überprüfung abgeschlossen: Upgrade der Projektdateien nicht erforderlich.">
</Event><Event ErrorLevel="0" Project="WpfWizard2" Source="WpfWizard2\WpfWizard2.csproj" Description="Überprüfung abgeschlossen: Upgrade der Projektdateien nicht erforderlich.">
</Event><Event ErrorLevel="0" Project="WpfWizard3" Source="WpfWizard3\WpfWizard3.csproj" Description="Überprüfung abgeschlossen: Upgrade der Projektdateien nicht erforderlich.">
</Event></UpgradeLog>