<?xml version="1.0" encoding="UTF-8"?><?xml-stylesheet type='text/xsl' href='_UpgradeReport_Files/UpgradeReport.xslt'?><UpgradeLog>
<Properties><Property Name="Solution" Value="SelectedListBoxItemTemplate">
</Property><Property Name="Solution File" Value="D:\Ablage\Downloads\SelectedListBoxItemTemplate\SelectedListBoxItemTemplate.sln">
</Property><Property Name="Date" Value="Sonntag, 11. April 2010">
</Property><Property Name="Time" Value="16:16">
</Property></Properties><Event ErrorLevel="0" Project="" Source="SelectedListBoxItemTemplate.sln" Description="File successfully backed up as D:\Ablage\Downloads\SelectedListBoxItemTemplate\Backup\SelectedListBoxItemTemplate.sln">
</Event><Event ErrorLevel="0" Project="SelectedListBoxItemTemplate" Source="SelectedListBoxItemTemplate\SelectedListBoxItemTemplate.csproj" Description="Project file successfully backed up as D:\Ablage\Downloads\SelectedListBoxItemTemplate\Backup\SelectedListBoxItemTemplate\SelectedListBoxItemTemplate.csproj">
</Event><Event ErrorLevel="0" Project="SelectedListBoxItemTemplate" Source="SelectedListBoxItemTemplate\App.xaml.cs" Description="File successfully backed up as D:\Ablage\Downloads\SelectedListBoxItemTemplate\Backup\SelectedListBoxItemTemplate\App.xaml.cs">
</Event><Event ErrorLevel="0" Project="SelectedListBoxItemTemplate" Source="SelectedListBoxItemTemplate\Window1.xaml.cs" Description="File successfully backed up as D:\Ablage\Downloads\SelectedListBoxItemTemplate\Backup\SelectedListBoxItemTemplate\Window1.xaml.cs">
</Event><Event ErrorLevel="0" Project="SelectedListBoxItemTemplate" Source="SelectedListBoxItemTemplate\Properties\AssemblyInfo.cs" Description="File successfully backed up as D:\Ablage\Downloads\SelectedListBoxItemTemplate\Backup\SelectedListBoxItemTemplate\Properties\AssemblyInfo.cs">
</Event><Event ErrorLevel="0" Project="SelectedListBoxItemTemplate" Source="SelectedListBoxItemTemplate\Properties\Resources.cs" Description="File successfully backed up as D:\Ablage\Downloads\SelectedListBoxItemTemplate\Backup\SelectedListBoxItemTemplate\Properties\Resources.cs">
</Event><Event ErrorLevel="0" Project="SelectedListBoxItemTemplate" Source="SelectedListBoxItemTemplate\Properties\Settings.cs" Description="File successfully backed up as D:\Ablage\Downloads\SelectedListBoxItemTemplate\Backup\SelectedListBoxItemTemplate\Properties\Settings.cs">
</Event><Event ErrorLevel="0" Project="SelectedListBoxItemTemplate" Source="SelectedListBoxItemTemplate\Properties\Settings.settings" Description="File successfully backed up as D:\Ablage\Downloads\SelectedListBoxItemTemplate\Backup\SelectedListBoxItemTemplate\Properties\Settings.settings">
</Event><Event ErrorLevel="0" Project="SelectedListBoxItemTemplate" Source="SelectedListBoxItemTemplate\Properties\Resources.resx" Description="File successfully backed up as D:\Ablage\Downloads\SelectedListBoxItemTemplate\Backup\SelectedListBoxItemTemplate\Properties\Resources.resx">
</Event><Event ErrorLevel="0" Project="SelectedListBoxItemTemplate" Source="SelectedListBoxItemTemplate\App.xaml" Description="File successfully backed up as D:\Ablage\Downloads\SelectedListBoxItemTemplate\Backup\SelectedListBoxItemTemplate\App.xaml">
</Event><Event ErrorLevel="0" Project="SelectedListBoxItemTemplate" Source="SelectedListBoxItemTemplate\Window1.xaml" Description="File successfully backed up as D:\Ablage\Downloads\SelectedListBoxItemTemplate\Backup\SelectedListBoxItemTemplate\Window1.xaml">
</Event><Event ErrorLevel="1" Project="SelectedListBoxItemTemplate" Source="SelectedListBoxItemTemplate\SelectedListBoxItemTemplate.csproj" Description="Your project is targeting .NET Framework 2.0 or 3.0. If your project uses assemblies requiring a newer .NET Framework, your project will fail to build. You can change the .NET Framework version by clicking Properties on the project menu and then selecting a new version in the '.NET Framework' dropdown box. (In Visual Basic, this is located on the Compile tab by clicking the 'Advanced Compiler Options...' button.)">
</Event><Event ErrorLevel="0" Project="SelectedListBoxItemTemplate" Source="SelectedListBoxItemTemplate\SelectedListBoxItemTemplate.csproj" Description="Project converted successfully">
</Event><Event ErrorLevel="3" Project="SelectedListBoxItemTemplate" Source="SelectedListBoxItemTemplate\SelectedListBoxItemTemplate.csproj" Description="Converted">
</Event><Event ErrorLevel="0" Project="" Source="SelectedListBoxItemTemplate.sln" Description="Solution converted successfully">
</Event><Event ErrorLevel="3" Project="" Source="SelectedListBoxItemTemplate.sln" Description="Converted">
</Event><Event ErrorLevel="0" Project="SelectedListBoxItemTemplate" Source="SelectedListBoxItemTemplate\SelectedListBoxItemTemplate.csproj" Description="Scan complete: Upgrade not required for project files.">
</Event></UpgradeLog>