<?xml version="1.0" encoding="UTF-8"?><?xml-stylesheet type='text/xsl' href='_UpgradeReport_Files/UpgradeReport.xslt'?><UpgradeLog>
<Properties><Property Name="Solution" Value="WpfAppRuler">
</Property><Property Name="Solution File" Value="F:\Downloads\WPFAppRuler\WpfAppRuler\WpfAppRuler.sln">
</Property><Property Name="User Options File" Value="F:\Downloads\WPFAppRuler\WpfAppRuler\WpfAppRuler.suo">
</Property><Property Name="Date" Value="Sonntag, 13. Februar 2011">
</Property><Property Name="Time" Value="08:05">
</Property></Properties><Event ErrorLevel="0" Project="" Source="WpfAppRuler.sln" Description="File successfully backed up as F:\Downloads\WPFAppRuler\WpfAppRuler\Backup\WpfAppRuler.sln">
</Event><Event ErrorLevel="0" Project="" Source="WpfAppRuler.suo" Description="File successfully backed up as F:\Downloads\WPFAppRuler\WpfAppRuler\Backup\WpfAppRuler.suo">
</Event><Event ErrorLevel="0" Project="WpfAppRuler" Source="WpfAppRuler\WpfAppRuler.csproj" Description="Project file successfully backed up as F:\Downloads\WPFAppRuler\WpfAppRuler\Backup\WpfAppRuler\WpfAppRuler.csproj">
</Event><Event ErrorLevel="0" Project="WpfAppRuler" Source="WpfAppRuler\WpfAppRuler.csproj.user" Description="Project user file successfully backed up as F:\Downloads\WPFAppRuler\WpfAppRuler\Backup\WpfAppRuler\WpfAppRuler.csproj.user">
</Event><Event ErrorLevel="0" Project="WpfAppRuler" Source="WpfAppRuler\App.xaml.cs" Description="File successfully backed up as F:\Downloads\WPFAppRuler\WpfAppRuler\Backup\WpfAppRuler\App.xaml.cs">
</Event><Event ErrorLevel="0" Project="WpfAppRuler" Source="WpfAppRuler\rtbRuler.xaml.cs" Description="File successfully backed up as F:\Downloads\WPFAppRuler\WpfAppRuler\Backup\WpfAppRuler\rtbRuler.xaml.cs">
</Event><Event ErrorLevel="0" Project="WpfAppRuler" Source="WpfAppRuler\CommandObjects\IndentCommandSlider.cs" Description="File successfully backed up as F:\Downloads\WPFAppRuler\WpfAppRuler\Backup\WpfAppRuler\CommandObjects\IndentCommandSlider.cs">
</Event><Event ErrorLevel="0" Project="WpfAppRuler" Source="WpfAppRuler\Helpers\FontComboBoxItem.cs" Description="File successfully backed up as F:\Downloads\WPFAppRuler\WpfAppRuler\Backup\WpfAppRuler\Helpers\FontComboBoxItem.cs">
</Event><Event ErrorLevel="0" Project="WpfAppRuler" Source="WpfAppRuler\Helpers\ColorSelectionItem.cs" Description="File successfully backed up as F:\Downloads\WPFAppRuler\WpfAppRuler\Backup\WpfAppRuler\Helpers\ColorSelectionItem.cs">
</Event><Event ErrorLevel="0" Project="WpfAppRuler" Source="WpfAppRuler\CommandObjects\CommandComboBox.cs" Description="File successfully backed up as F:\Downloads\WPFAppRuler\WpfAppRuler\Backup\WpfAppRuler\CommandObjects\CommandComboBox.cs">
</Event><Event ErrorLevel="0" Project="WpfAppRuler" Source="WpfAppRuler\CommandObjects\CommandSlider.cs" Description="File successfully backed up as F:\Downloads\WPFAppRuler\WpfAppRuler\Backup\WpfAppRuler\CommandObjects\CommandSlider.cs">
</Event><Event ErrorLevel="0" Project="WpfAppRuler" Source="WpfAppRuler\Helpers\DragAdorner.cs" Description="File successfully backed up as F:\Downloads\WPFAppRuler\WpfAppRuler\Backup\WpfAppRuler\Helpers\DragAdorner.cs">
</Event><Event ErrorLevel="0" Project="WpfAppRuler" Source="WpfAppRuler\CommandObjects\FontSizeCommandSlider.cs" Description="File successfully backed up as F:\Downloads\WPFAppRuler\WpfAppRuler\Backup\WpfAppRuler\CommandObjects\FontSizeCommandSlider.cs">
</Event><Event ErrorLevel="0" Project="WpfAppRuler" Source="WpfAppRuler\Helpers\knowncolor.cs" Description="File successfully backed up as F:\Downloads\WPFAppRuler\WpfAppRuler\Backup\WpfAppRuler\Helpers\knowncolor.cs">
</Event><Event ErrorLevel="0" Project="WpfAppRuler" Source="WpfAppRuler\CommandObjects\LineSpaceCommadSlider.cs" Description="File successfully backed up as F:\Downloads\WPFAppRuler\WpfAppRuler\Backup\WpfAppRuler\CommandObjects\LineSpaceCommadSlider.cs">
</Event><Event ErrorLevel="0" Project="WpfAppRuler" Source="WpfAppRuler\ListViewDragDropManager.cs" Description="File successfully backed up as F:\Downloads\WPFAppRuler\WpfAppRuler\Backup\WpfAppRuler\ListViewDragDropManager.cs">
</Event><Event ErrorLevel="0" Project="WpfAppRuler" Source="WpfAppRuler\Helpers\MouseUtilities.cs" Description="File successfully backed up as F:\Downloads\WPFAppRuler\WpfAppRuler\Backup\WpfAppRuler\Helpers\MouseUtilities.cs">
</Event><Event ErrorLevel="0" Project="WpfAppRuler" Source="WpfAppRuler\Properties\AssemblyInfo.cs" Description="File successfully backed up as F:\Downloads\WPFAppRuler\WpfAppRuler\Backup\WpfAppRuler\Properties\AssemblyInfo.cs">
</Event><Event ErrorLevel="0" Project="WpfAppRuler" Source="WpfAppRuler\Properties\Resources.Designer.cs" Description="File successfully backed up as F:\Downloads\WPFAppRuler\WpfAppRuler\Backup\WpfAppRuler\Properties\Resources.Designer.cs">
</Event><Event ErrorLevel="0" Project="WpfAppRuler" Source="WpfAppRuler\Properties\Settings.Designer.cs" Description="File successfully backed up as F:\Downloads\WPFAppRuler\WpfAppRuler\Backup\WpfAppRuler\Properties\Settings.Designer.cs">
</Event><Event ErrorLevel="0" Project="WpfAppRuler" Source="WpfAppRuler\CommandObjects\RightCommandSlider.cs" Description="File successfully backed up as F:\Downloads\WPFAppRuler\WpfAppRuler\Backup\WpfAppRuler\CommandObjects\RightCommandSlider.cs">
</Event><Event ErrorLevel="0" Project="WpfAppRuler" Source="WpfAppRuler\SysFonts.cs" Description="File successfully backed up as F:\Downloads\WPFAppRuler\WpfAppRuler\Backup\WpfAppRuler\SysFonts.cs">
</Event><Event ErrorLevel="0" Project="WpfAppRuler" Source="WpfAppRuler\FontStyle.xaml.cs" Description="File successfully backed up as F:\Downloads\WPFAppRuler\WpfAppRuler\Backup\WpfAppRuler\FontStyle.xaml.cs">
</Event><Event ErrorLevel="0" Project="WpfAppRuler" Source="WpfAppRuler\App.config" Description="File successfully backed up as F:\Downloads\WPFAppRuler\WpfAppRuler\Backup\WpfAppRuler\App.config">
</Event><Event ErrorLevel="0" Project="WpfAppRuler" Source="WpfAppRuler\Properties\Settings.settings" Description="File successfully backed up as F:\Downloads\WPFAppRuler\WpfAppRuler\Backup\WpfAppRuler\Properties\Settings.settings">
</Event><Event ErrorLevel="0" Project="WpfAppRuler" Source="WpfAppRuler\WpfAppRuler_TemporaryKey.pfx" Description="File successfully backed up as F:\Downloads\WPFAppRuler\WpfAppRuler\Backup\WpfAppRuler\WpfAppRuler_TemporaryKey.pfx">
</Event><Event ErrorLevel="0" Project="WpfAppRuler" Source="WpfAppRuler\Properties\Resources.resx" Description="File successfully backed up as F:\Downloads\WPFAppRuler\WpfAppRuler\Backup\WpfAppRuler\Properties\Resources.resx">
</Event><Event ErrorLevel="0" Project="WpfAppRuler" Source="WpfAppRuler\App.xaml" Description="File successfully backed up as F:\Downloads\WPFAppRuler\WpfAppRuler\Backup\WpfAppRuler\App.xaml">
</Event><Event ErrorLevel="0" Project="WpfAppRuler" Source="WpfAppRuler\MyControls.xaml" Description="File successfully backed up as F:\Downloads\WPFAppRuler\WpfAppRuler\Backup\WpfAppRuler\MyControls.xaml">
</Event><Event ErrorLevel="0" Project="WpfAppRuler" Source="WpfAppRuler\rtbRuler.xaml" Description="File successfully backed up as F:\Downloads\WPFAppRuler\WpfAppRuler\Backup\WpfAppRuler\rtbRuler.xaml">
</Event><Event ErrorLevel="0" Project="WpfAppRuler" Source="WpfAppRuler\FontStyle.xaml" Description="File successfully backed up as F:\Downloads\WPFAppRuler\WpfAppRuler\Backup\WpfAppRuler\FontStyle.xaml">
</Event><Event ErrorLevel="0" Project="WpfAppRuler" Source="WpfAppRuler\WpfAppRuler.csproj" Description="Project converted successfully">
</Event><Event ErrorLevel="3" Project="WpfAppRuler" Source="WpfAppRuler\WpfAppRuler.csproj" Description="Converted">
</Event><Event ErrorLevel="0" Project="" Source="WpfAppRuler.sln" Description="Solution converted successfully">
</Event><Event ErrorLevel="3" Project="" Source="WpfAppRuler.sln" Description="Converted">
</Event><Event ErrorLevel="0" Project="WpfAppRuler" Source="WpfAppRuler\WpfAppRuler.csproj" Description="Scan complete: Upgrade not required for project files.">
</Event></UpgradeLog>