<?xml version="1.0" encoding="UTF-8"?><?xml-stylesheet type='text/xsl' href='_UpgradeReport_Files/UpgradeReport.xslt'?><UpgradeLog>
<Properties><Property Name="Solution" Value="TestBrowser">
</Property><Property Name="Solution File" Value="C:\Dokumente und Einstellungen\Torstenz\Desktop\Ablage\Download\FolderView\TestBrowser.sln">
</Property><Property Name="Date" Value="Dienstag, 22. Juni 2010">
</Property><Property Name="Time" Value="12:43">
</Property></Properties><Event ErrorLevel="1" Project="FileBrowser" Source="FileBrowser\FileBrowser.csproj" Description="Your project is targeting .NET Framework 2.0 or 3.0. If your project uses assemblies requiring a newer .NET Framework, your project will fail to build. You can change the .NET Framework version by clicking Properties on the project menu and then selecting a new version in the '.NET Framework' dropdown box. (In Visual Basic, this is located on the Compile tab by clicking the 'Advanced Compiler Options...' button.)">
</Event><Event ErrorLevel="0" Project="FileBrowser" Source="FileBrowser\FileBrowser.csproj" Description="Project converted successfully">
</Event><Event ErrorLevel="3" Project="FileBrowser" Source="FileBrowser\FileBrowser.csproj" Description="Converted">
</Event><Event ErrorLevel="1" Project="TestApp" Source="TestApp\TestApp.csproj" Description="Your project is targeting .NET Framework 2.0 or 3.0. If your project uses assemblies requiring a newer .NET Framework, your project will fail to build. You can change the .NET Framework version by clicking Properties on the project menu and then selecting a new version in the '.NET Framework' dropdown box. (In Visual Basic, this is located on the Compile tab by clicking the 'Advanced Compiler Options...' button.)">
</Event><Event ErrorLevel="0" Project="TestApp" Source="TestApp\TestApp.csproj" Description="Project converted successfully">
</Event><Event ErrorLevel="3" Project="TestApp" Source="TestApp\TestApp.csproj" Description="Converted">
</Event><Event ErrorLevel="0" Project="" Source="TestBrowser.sln" Description="Solution converted successfully">
</Event><Event ErrorLevel="3" Project="" Source="TestBrowser.sln" Description="Converted">
</Event><Event ErrorLevel="0" Project="FileBrowser" Source="FileBrowser\FileBrowser.csproj" Description="Scan complete: Upgrade not required for project files.">
</Event><Event ErrorLevel="0" Project="TestApp" Source="TestApp\TestApp.csproj" Description="Scan complete: Upgrade not required for project files.">
</Event></UpgradeLog>